id,Name,titleProject_id,class,score,login,password
0,Сербин Геннадий Михаилович,7,8в,2,Сербин_ГМ,bMkyLZ888VCM
1,Папандина Клавдия Яковлевна,304,9в,5,Папандина_КЯ,Umc1uN4bIJBY
2,Белагина Галина Андреевна,396,9а,4,Белагина_ГА,7QL6M6VXsPhm
3,Кижняева Анна Леонидовна,178,7и,2,Кижняева_АЛ,wSY2wmPPMmEw
4,Цывин Олег Яковлевич,446,7т,2,Цывин_ОЯ,TDqRrUqpcEfP
5,Жидняева Ксения Эдуардовна,373,7х,4,Жидняева_КЭ,1OGs6rWeIrx3
6,Липковский Анатолий Иванович,144,10а,2,Липковский_АИ,lMosAGuDo3zc
7,Меднова Наталья Богдановна,290,7и,5,Меднова_НБ,63phFI3WSMbs
8,Житихин Вячеслав Романович,141,9а,5,Житихин_ВР,l7Bobn9jVcuj
9,Шеврина Полина Максимовна,33,11а,5,Шеврина_ПМ,6VBv8Le7sKN3
10,Алпеев Валентин Данилович,323,8а,2,Алпеев_ВД,VDh9jmTBGu5r
11,Золикова Клара Игоревна,364,10х,2,Золикова_КИ,VeCVtCdNOZtp
12,Дориков Дмитрий Петрович,296,10г,5,Дориков_ДП,21iXfxW1lgYw
13,Корабышев Кирилл Михаилович,302,8и,5,Корабышев_КМ,sLXn2pAIDqlK
14,Ростовиков Константин Николаевич,336,10а,2,Ростовиков_КН,pqAjhvNGSPcG
15,Нехаев Дмитрий Фёдорович,129,7х,4,Нехаев_ДФ,eajMWd9kqpDl
16,Зызлова Мария Николаевна,430,8г,3,Зызлова_МН,fmLowL9fhaIn
17,Королупов Валерий Тимофеевич,397,10д,5,Королупов_ВТ,OAszwj12Ivvi
18,Стенцов Евгений Яковлевич,315,8и,4,Стенцов_ЕЯ,CQoRfr7w6o1P
19,Феклисов Константин Виталиевич,270,9т,None,Феклисов_КВ,TiQsgqIdffdu
20,Синелев Руслан Тимофеевич,300,8и,2,Синелев_РТ,gKtrJ4dC5lsH
21,Опевалова Вера Евгеньевна,473,9д,5,Опевалова_ВЕ,AlsZYdtFHdvM
22,Назерова Вероника Василевна,206,7б,5,Назерова_ВВ,fXoZ5mLyAjli
23,Дименская Светлана Дмитриевна,387,9д,5,Дименская_СД,3qRLHHQO5UfW
24,Ковторева Раиса Василевна,482,9и,2,Ковторева_РВ,fK3irhmP8wJ3
25,Кулишнин Вячеслав Яковлевич,386,11х,5,Кулишнин_ВЯ,46HYLwzlV7Bm
26,Лексин Кирилл Антонович,139,7в,5,Лексин_КА,VLAOn9T1mxQr
27,Лаковский Григорий Василиевич,240,7д,5,Лаковский_ГВ,PnO4uJbLPaBB
28,Барамыкова Александра Алексеевна,106,10а,3,Барамыкова_АА,kssqn82t8IDP
29,Плясулина Оксана Андреевна,346,8х,2,Плясулина_ОА,s8LmrJ7iBzBI
30,Петрикеев Станислав Яковлевич,14,7и,4,Петрикеев_СЯ,GHlqYOhtAXgQ
31,Моторыгин Илья Георгиевич,238,10и,5,Моторыгин_ИГ,uOAvKqUetMVc
32,Рыков Тарас Павлович,174,10и,5,Рыков_ТП,UO1CkVKLkmIc
33,Иончикова Елизавета Егоровна,169,8д,5,Иончикова_ЕЕ,EHMUvcW72BgV
34,Смолькина Алиса Егоровна,441,7г,5,Смолькина_АЕ,iTW1yZlNd1d9
35,Оболенин Герасим Павлович,472,7и,4,Оболенин_ГП,7UkV1LWFzfFk
36,Трощинский Георгий Борисович,67,9д,3,Трощинский_ГБ,yHq6jYzWX64w
37,Поддубская Лиза Игоревна,496,10а,4,Поддубская_ЛИ,lKlyFIlpnCXY
38,Телькова Валерия Олеговна,335,7х,4,Телькова_ВО,oRCJENltdYGt
39,Чигварина Александра Алексеевна,428,10б,2,Чигварина_АА,DBw9cwR7qhSo
40,Киреевский Артур Игоревич,119,7в,3,Киреевский_АИ,eXQaAqJ7uUbJ
41,Шумейкин Роман Павлович,420,8в,5,Шумейкин_РП,9V1nYhiFW5lM
42,Трушинов Максим Алексиевич,82,8и,4,Трушинов_МА,5J3kdUbOVB3B
43,Голюков Денис Сергеевич,62,11б,4,Голюков_ДС,W7lLhoGdaLpw
44,Хлиманкова Надежда Валерьевна,461,10б,3,Хлиманкова_НВ,8ZJkVzIdRgAE
45,Кулаженков Алексей Олегович,367,10в,2,Кулаженков_АО,FjiSsK6u3zO8
46,Бутукин Владимир Адамович,221,7х,5,Бутукин_ВА,1Gxhsf2Rvd3F
47,Поддуев Леонид Олегович,149,9х,4,Поддуев_ЛО,D7co42SIND3J
48,Ревцев Василий Павлович,360,9х,5,Ревцев_ВП,ZVEw9p3OwRRN
49,Старокожев Артём Юрьевич,46,8д,3,Старокожев_АЮ,guVYoSHKHUDw
50,Светошев Максим Михаилович,321,10х,2,Светошев_ММ,zqu4pof9QzFN
51,Старынина Кристина Федоровна,266,9д,3,Старынина_КФ,csaxatPGk2fN
52,Востров Дмитрий Денисович,282,9г,3,Востров_ДД,d4YPIxvwjoOw
53,Бураханова Анастасия Леонидовна,16,8г,2,Бураханова_АЛ,RFJEtVg9mFVE
54,Понизов Виктор Кириллович,214,11и,5,Понизов_ВК,WR5cMUqIpeKv
55,Суздалев Валерий Алексеевич,66,11т,5,Суздалев_ВА,EAyT5vioUFYK
56,Колендин Дмитрий Алексеевич,153,10в,4,Колендин_ДА,mrHrUfw4budv
57,Сулькова Екатерина Андреевна,325,8и,4,Сулькова_ЕА,8uRWGz3dGQXt
58,Аржевитова Надежда Федоровна,242,10в,2,Аржевитова_НФ,jOLbELCB48sV
59,Крассов Валерий Олегович,201,8х,5,Крассов_ВО,hpdLNvS1ieQI
60,Сонураева Инна Андреевна,450,9т,3,Сонураева_ИА,WSeG5eywttOi
61,Пашин Роман Вадимович,204,10д,2,Пашин_РВ,MDKJA5t8nsJs
62,Фичкина Евгения Федоровна,29,11д,3,Фичкина_ЕФ,3U9GQCjzgLRh
63,Свилин Олег Виталиевич,123,8в,2,Свилин_ОВ,BhYAWIbjLDkE
64,Рогоцкий Андрей Адамович,142,9в,2,Рогоцкий_АА,ToeewmyKdYzh
65,Ахантьев Игорь Валериевич,80,10д,5,Ахантьев_ИВ,wWaLXhTlTBQC
66,Сочиникова Ксения Кирилловна,100,10д,2,Сочиникова_КК,ISbZhACQmF2g
67,Остюков Артур Романович,329,11и,3,Остюков_АР,GwN7dtvdMfOS
68,Брюкина Оксана Викторовна,98,8в,5,Брюкина_ОВ,fhv7smLxeEZU
69,Кузовенков Игорь Юрьевич,322,9г,None,Кузовенков_ИЮ,7qKafSlGrkQ9
70,Калухов Тарас Иванович,207,11а,3,Калухов_ТИ,yhY64LyA3SbR
71,Батыров Пётр Виталиевич,227,7и,3,Батыров_ПВ,5j5Ayr96OYcP
72,Озрина Катерина Валерьевна,147,10а,4,Озрина_КВ,dtn4O8r8hFT3
73,Декалова Полина Леонидовна,470,11д,5,Декалова_ПЛ,yrJyU2DXTHRZ
74,Лосицкий Владимир Кириллович,369,9т,5,Лосицкий_ВК,rOg3RDJnoXB7
75,Магнусов Пётр Максимович,437,7и,5,Магнусов_ПМ,fzG1BlahSyOD
76,Лавренков Михаил Василиевич,188,9б,2,Лавренков_МВ,aeHFBasFD8uG
77,Шушкалова Вероника Алексеевна,411,8т,5,Шушкалова_ВА,3NfBb8noKO3h
78,Бороданова Маргарита Дмитриевна,118,7г,5,Бороданова_МД,dltaZ9ace1T8
79,Циркина Виолетта Федоровна,231,9г,2,Циркина_ВФ,VP9cqu7NjDyF
80,Болохина Екатерина Андреевна,194,11д,3,Болохина_ЕА,Tpo3VAAvLAY4
81,Чукалова Дарья Валерьевна,20,10г,4,Чукалова_ДВ,pgebrcVOoZD5
82,Беловолов Степан Петрович,222,9д,2,Беловолов_СП,coTK4idq7jvp
83,Зудейкина Вероника Ивановна,166,8и,3,Зудейкина_ВИ,81YxXgxFNrX6
84,Макунова Мария Борисовна,47,9в,5,Макунова_МБ,rxvdgSXcahN9
85,Верзанский Геннадий Андреевич,497,7д,5,Верзанский_ГА,4UJFRBE9hfDN
86,Алтубин Ярослав Леонидович,414,10г,5,Алтубин_ЯЛ,zFAmtGFVsFVg
87,Аузин Игорь Алексиевич,435,8х,5,Аузин_ИА,NinNLH3mGKpe
88,Калыгин Степан Тимофеевич,353,8и,2,Калыгин_СТ,B5hHxfcv499D
89,Дурныгина Полина Игоревна,72,8и,2,Дурныгина_ПИ,27cGFIbMDQoM
90,Антюфеева Александра Вадимовна,347,8и,2,Антюфеева_АВ,82JtaL28vPIb
91,Лощинский Борис Романович,210,10б,3,Лощинский_БР,tjrcAU3cXLRB
92,Ходорков Евгений Виталиевич,344,9г,5,Ходорков_ЕВ,zgVyku7CAm6V
93,Кафорин Федор Данилович,427,10д,3,Кафорин_ФД,6FrkJdZCWxoy
94,Косынская Алиса Дмитриевна,40,9в,3,Косынская_АД,Qvhw9Z5WEWhs
95,Беремцев Артём Антонович,434,11т,2,Беремцев_АА,Fmc2JQqeNDkR
96,Влянская Мария Андреевна,490,7т,4,Влянская_МА,RHF4HZnxOSLq
97,Мыгеева Лиза Василевна,280,8в,5,Мыгеева_ЛВ,Dui1EMmdb56u
98,Акутникова Мария Алексеевна,173,11в,2,Акутникова_МА,h5oDRUpWq8PD
99,Карябкин Константин Максимович,89,7и,2,Карябкин_КМ,wJsZgBor4KMr
100,Прилепина Яна Максимовна,30,10в,5,Прилепина_ЯМ,oEcKkIdQFI1Z
101,Ведищев Никита Георгиевич,365,7и,5,Ведищев_НГ,5cXTeq7Dw4Fh
102,Самчева Вероника Борисовна,287,10г,3,Самчева_ВБ,GOviDi8eBOJa
103,Пирцхалова Карина Леонидовна,452,10г,5,Пирцхалова_КЛ,LP51ik3UAHK8
104,Павлочев Денис Борисович,432,11д,5,Павлочев_ДБ,Pw4RASiLZKkD
105,Арашкова Екатерина Евгеньевна,356,8х,None,Арашкова_ЕЕ,ZJoy8crKZYjP
106,Байсарова Людмила Василевна,215,11и,2,Байсарова_ЛВ,PIIp3YDBpRwg
107,Кудекина Зинаида Игоревна,250,10и,3,Кудекина_ЗИ,lK8IbuzkGScv
108,Дерналов Виталий Викторович,1,9г,4,Дерналов_ВВ,ifXccWbQdw5Z
109,Сазинова Галина Романовна,61,9и,3,Сазинова_ГР,2KXH2UHT2L1Z
110,Остаченова Марина Эдуардовна,229,9т,5,Остаченова_МЭ,N9dfrC17Fzyd
111,Битюкова Яна Егоровна,488,9и,4,Битюкова_ЯЕ,4yXtHieYHDS2
112,Иваницкий Константин Борисович,232,8д,5,Иваницкий_КБ,FmtqWICF4fRU
113,Белянский Владислав Игоревич,74,11б,5,Белянский_ВИ,DJIV6ISl24Yl
114,Баранкин Артём Алексеевич,382,9т,2,Баранкин_АА,w45XTaoCEaPg
115,Шкабанова Софья Вадимовна,499,9х,4,Шкабанова_СВ,vk4MlAbgLWQS
116,Полозлов Денис Адамович,155,8т,3,Полозлов_ДА,CHi8maKF34tZ
117,Жунина Светлана Михайловна,162,8в,3,Жунина_СМ,cFuh3nREXKBK
118,Пантыкин Борис Игоревич,245,9х,2,Пантыкин_БИ,Fy6CC9IYxCx5
119,Доутова Марина Богдановна,189,11х,2,Доутова_МБ,o4dkF7gNdp6S
120,Трещалова Яна Андреевна,330,8б,3,Трещалова_ЯА,JgFhOlkAsaRe
121,Ивашечкин Александр Данилович,390,10т,4,Ивашечкин_АД,74RYc5JF9jzA
122,Мазьянова Инна Богдановна,416,11в,4,Мазьянова_ИБ,fjPGa6Z3VPbE
123,Корогев Николай Евгеньевич,184,8б,5,Корогев_НЕ,k2BhuvZkRjnY
124,Заидова Галина Максимовна,88,9т,4,Заидова_ГМ,QqSdagFHhe7Q
125,Рамхин Кирилл Алексиевич,459,9х,4,Рамхин_КА,32VvMPUDYuxH
126,Кизбабаев Эдуард Фёдорович,415,11т,2,Кизбабаев_ЭФ,IcJffxYVtYKU
127,Соурчаков Ярослав Валериевич,268,8б,2,Соурчаков_ЯВ,k7WO1125DCIb
128,Мотяшева Алена Михайловна,404,7т,2,Мотяшева_АМ,wR9XwteDSDh4
129,Горшкова Наталия Яковлевна,340,11а,2,Горшкова_НЯ,4Cy7CGzHioid
130,Зябрицкий Игорь Виталиевич,332,7а,5,Зябрицкий_ИВ,xCj3uCa49kt3
131,Шельдяев Игорь Юриевич,97,7д,5,Шельдяев_ИЮ,I8hVKsCG9uJD
132,Шмелькин Максим Викторович,483,9т,5,Шмелькин_МВ,VpYhRbkykoQo
133,Жалкин Алексей Алексеевич,43,7а,3,Жалкин_АА,3F8H9IYIj4XY
134,Худасов Денис Максимович,70,10д,2,Худасов_ДМ,X8NCIHP6qfIW
135,Швичкова Наталья Эдуардовна,398,7г,4,Швичкова_НЭ,qyE4bw9r64hg
136,Едская Жанна Валерьевна,436,11в,4,Едская_ЖВ,4iwMPcpT8WEq
137,Поморзина Полина Евгеньевна,122,7д,4,Поморзина_ПЕ,69vALXU8k5zl
138,Будачева Кира Олеговна,55,11х,4,Будачева_КО,zlCWVlLmSPFU
139,Молкаев Василий Валериевич,216,8д,2,Молкаев_ВВ,oKxUwQQErU9d
140,Яцынин Константин Тимофеевич,285,7г,2,Яцынин_КТ,w2m6JNZMvwAN
141,Маховиков Василий Петрович,391,7х,4,Маховиков_ВП,I4JEmWgSgg34
142,Шаметова Евгения Вадимовна,463,7а,2,Шаметова_ЕВ,Ryv3L9aApvE7
143,Законнова Жанна Евгеньевна,442,11и,None,Законнова_ЖЕ,3fD6GDSNaA9d
144,Перчихин Аркадий Тимофеевич,164,10т,3,Перчихин_АТ,BEQ2FePEgf2j
145,Бурдасова Ксения Игоревна,203,9а,3,Бурдасова_КИ,MAYGrgKDQiwZ
146,Киссин Степан Иванович,251,7х,5,Киссин_СИ,k2CWq4Sk8cpQ
147,Вапилина Мария Егоровна,77,7д,2,Вапилина_МЕ,o9GHckrVQbTV
148,Сигутина Дарья Федоровна,458,7б,2,Сигутина_ДФ,4wWM47PWwH14
149,Сошьяков Альберт Фёдорович,17,7т,4,Сошьяков_АФ,wjSSFxiUW43V
150,Лугахина Клара Вадимовна,419,8в,4,Лугахина_КВ,vPb1cLRgecl4
151,Логецкий Анатолий Виталиевич,372,11б,4,Логецкий_АВ,s2Gdxg8LuVCq
152,Ковайкова Юлия Егоровна,75,10г,2,Ковайкова_ЮЕ,tDgAXDgv8eHg
153,Вермутский Валерий Петрович,447,9и,5,Вермутский_ВП,El3sUXIFs7wp
154,Россомахов Олег Юриевич,56,8в,2,Россомахов_ОЮ,sQpIifafuwDt
155,Циплакова Екатерина Егоровна,471,9б,5,Циплакова_ЕЕ,bijifVeIJRtA
156,Квятцева Алла Никитична,138,11в,2,Квятцева_АН,PF8NpznT8QJd
157,Выхухолева Лариса Василевна,384,8б,5,Выхухолева_ЛВ,hBa9M43gsbUB
158,Целохов Андрей Вадимович,433,8и,5,Целохов_АВ,momkC24mkUN7
159,Бендин Иван Яковлевич,71,8и,4,Бендин_ИЯ,VH8BDVW366Oz
160,Лазученков Василий Алексеевич,381,7х,2,Лазученков_ВА,bcy7F3h4jucx
161,Скоропухов Михаил Василиевич,69,10и,3,Скоропухов_МВ,8D6QWSALIRNT
162,Мухонкин Тарас Романович,126,9и,4,Мухонкин_ТР,vThvwJvYbCUS
163,Камерцев Владимир Кириллович,303,7а,3,Камерцев_ВК,B9q4xeCZ8niE
164,Сандрыкина Анна Олеговна,324,10т,2,Сандрыкина_АО,l8abzQ8oH6h1
165,Недбайлов Алексей Денисович,15,7т,2,Недбайлов_АД,MkmtsBTvwjlQ
166,Серпков Ярослав Георгиевич,380,10б,4,Серпков_ЯГ,MDrB22isoKqF
167,Хатшуклов Аркадий Николаевич,42,11т,4,Хатшуклов_АН,jPzHdUzPoAVt
168,Литвалиева Алиса Егоровна,10,11и,3,Литвалиева_АЕ,pF9lNmjPog92
169,Енесина Лиза Валерьевна,293,9б,5,Енесина_ЛВ,A5CjLwAwqtlT
170,Пикальков Эдуард Алексиевич,21,8д,5,Пикальков_ЭА,s2oRfndFgEON
171,Сачинский Валентин Кириллович,125,10т,2,Сачинский_ВК,qLSIjx9WoakW
172,Тарзанова Евгения Аркадьевна,96,9д,2,Тарзанова_ЕА,3IwZ2YpXCo68
173,Лапундин Юрий Игоревич,267,8и,5,Лапундин_ЮИ,vDs3aMYSPbUs
174,Личева Лиза Михайловна,453,9б,3,Личева_ЛМ,11WbnBW1edK7
175,Смароверов Яков Борисович,131,11в,4,Смароверов_ЯБ,u1XXko9JJncm
176,Вереина Алла Василевна,295,10и,3,Вереина_АВ,W6dLJhKeAu4K
177,Погиблева Дарья Леонидовна,283,9в,5,Погиблева_ДЛ,UpFxIzl1LRPr
178,Байнова Анастасия Вадимовна,363,7б,3,Байнова_АВ,6bS7C2uYy28M
179,Шиловский Вячеслав Максимович,438,9и,4,Шиловский_ВМ,eB9CGIso4jVe
180,Сыждиков Пётр Василиевич,494,11х,5,Сыждиков_ПВ,PUoWNUg4uVra
181,Каценова Алёна Эдуардовна,165,11т,2,Каценова_АЭ,6K3TtdSZrfVX
182,Мужицких Ева Олеговна,348,8х,3,Мужицких_ЕО,PeMPY5kqkI9M
183,Плеснецов Степан Юрьевич,22,10а,2,Плеснецов_СЮ,TUemQ7AOj29Q
184,Игумнова Алёна Сергеевна,114,9д,4,Игумнова_АС,C54LvVESPXSZ
185,Хадаров Владимир Валериевич,278,11т,5,Хадаров_ВВ,LjvXco6swFrk
186,Ступакова Кира Ивановна,421,8и,3,Ступакова_КИ,cNmHGskGLcua
187,Шоленинов Федор Максимович,286,11т,4,Шоленинов_ФМ,voPDceSro2mt
188,Гундаров Руслан Николаевич,158,9д,4,Гундаров_РН,QcQzzlPGgEof
189,Гречишева Марина Андреевна,464,7д,2,Гречишева_МА,NI7oqdOx8l72
190,Утилова Алена Андреевна,253,11д,3,Утилова_АА,NK4ToJ2uXonE
191,Роткичева Алиса Максимовна,410,10а,4,Роткичева_АМ,Wqpkr4PPXO2v
192,Колтышева Марина Вадимовна,87,11г,4,Колтышева_МВ,W21jtr3nVkNA
193,Гурычева Лариса Валерьевна,489,9б,2,Гурычева_ЛВ,3HjDVYHhynCo
194,Горцева Кристина Никитична,246,8и,4,Горцева_КН,yTlOoS5w6oyw
195,Кутурин Геннадий Денисович,197,9в,2,Кутурин_ГД,lqdlPw1zvix9
196,Стефанков Яков Евгеньевич,318,10г,3,Стефанков_ЯЕ,Lxdf6Cw1NErC
197,Множина Людмила Василевна,90,8б,2,Множина_ЛВ,5h7ZC44Jgd9S
198,Семисалов Георгий Иванович,316,9в,3,Семисалов_ГИ,B3Hk7BMKYK8Q
199,Рогалов Альберт Валериевич,327,9б,2,Рогалов_АВ,KHyYGydUFNlE
200,Черетаева Анастасия Олеговна,341,9б,2,Черетаева_АО,Thj3pfCMAuMP
201,Радоминова Любовь Игоревна,25,9и,5,Радоминова_ЛИ,hWJT9Mt5jLrz
202,Шувырина Лиза Андреевна,395,9а,5,Шувырина_ЛА,Buy92hHcwiek
203,Калиженков Семён Алексеевич,401,11а,4,Калиженков_СА,vjChsugosA3Z
204,Старокашин Константин Петрович,309,10а,3,Старокашин_КП,faVX9iVY5FQJ
205,Малтоцов Аркадий Яковлевич,218,8а,3,Малтоцов_АЯ,DRCGNEc3wbZp
206,Кузеванова Ева Егоровна,116,7д,2,Кузеванова_ЕЕ,XXG57gXlrQaU
207,Нурулина Алёна Егоровна,284,9х,2,Нурулина_АЕ,YIVcSkXN8RHa
208,Лератов Герасим Сергеевич,374,10а,4,Лератов_ГС,gkzRWGFhtOD2
209,Людин Руслан Аркадиевич,498,7и,3,Людин_РА,fG27ZiY4ZVyo
210,Пурин Виктор Данилович,154,8и,5,Пурин_ВД,iyXsmuPN2Xlz
211,Лютов Виктор Юрьевич,288,11г,2,Лютов_ВЮ,wiSfSUNtRMQJ
212,Марюшкина Яна Федоровна,345,10д,5,Марюшкина_ЯФ,aha2ID1No4RR
213,Томилова Кристина Михайловна,492,11б,3,Томилова_КМ,OuXKstovNLht
214,Дистерев Валерий Валериевич,24,7г,3,Дистерев_ВВ,c6ro9HS68hyd
215,Дочкин Геннадий Алексиевич,52,11и,5,Дочкин_ГА,WH4gEezqVCxo
216,Иняхин Руслан Сергеевич,234,7и,5,Иняхин_РС,w1MbFSs14HjE
217,Знайкова Раиса Егоровна,148,11х,3,Знайкова_РЕ,AegC3us2rj2u
218,Кашавцев Аркадий Леонидович,58,7а,4,Кашавцев_АЛ,j5s2qRXFEI5R
219,Пятернина Кристина Андреевна,445,7и,2,Пятернина_КА,2hrc1pYLCPL4
220,Гусеева Карина Викторовна,263,9и,2,Гусеева_КВ,Hs9Rj82OZpIp
221,Кастева Яна Сергеевна,108,7и,2,Кастева_ЯС,6uQATr9N1Q15
222,Гришанин Тарас Павлович,113,10т,2,Гришанин_ТП,7KyIUbAvDCRh
223,Грамоткин Илья Викторович,195,8д,5,Грамоткин_ИВ,nHsAIfmaRNdq
224,Мелисин Геннадий Василиевич,465,10г,2,Мелисин_ГВ,Tzth6DycGmRV
225,Цинина Светлана Яковлевна,105,11г,5,Цинина_СЯ,wb3uWlnu7cvU
226,Петов Георгий Адамович,57,9а,2,Петов_ГА,kx3GrHKnlCwm
227,Реева Валентина Максимовна,146,11и,5,Реева_ВМ,aMGmXr498qWK
228,Слесивых Мария Аркадьевна,35,7и,5,Слесивых_МА,lICBQMQlcEon
229,Афтаева Полина Ивановна,193,10д,5,Афтаева_ПИ,SAJrPi1zMxma
230,Кривицкий Валентин Виталиевич,208,8х,5,Кривицкий_ВВ,nsiq1nrKxIu5
231,Чубатов Константин Леонидович,279,11а,4,Чубатов_КЛ,6J4HewilGHmm
232,Партенков Геннадий Павлович,418,8х,3,Партенков_ГП,Mr8Gs4zVjFDz
233,Черушев Григорий Борисович,84,7г,4,Черушев_ГБ,MXCTDrxxdexJ
234,Тютекин Георгий Тимофеевич,262,7а,2,Тютекин_ГТ,YGfEePY4zBmy
235,Янкевский Вячеслав Адамович,167,11г,4,Янкевский_ВА,Rvr4XuNi9ZEI
236,Сухручкина Клавдия Аркадьевна,177,7в,4,Сухручкина_КА,71divmZfUp9Y
237,Конофалова Клара Петровна,95,11д,5,Конофалова_КП,KbG4P6CEHtGd
238,Лигасов Михаил Павлович,491,11г,4,Лигасов_МП,TIl5C48ixYSD
239,Писарьков Альберт Игоревич,313,8в,4,Писарьков_АИ,iPpTLU8O27KU
240,Варов Кирилл Иванович,28,8а,5,Варов_КИ,nnIYhNcerg26
241,Пурынов Евгений Петрович,244,9и,3,Пурынов_ЕП,luY2BLmejJPi
242,Супрутская Вероника Викторовна,187,9а,2,Супрутская_ВВ,FWSAUdUv92uR
243,Скроцкая Алина Федоровна,127,8г,3,Скроцкая_АФ,4w442t3NLxSp
244,Барадулин Вадим Юрьевич,281,11х,3,Барадулин_ВЮ,fjTddsm65JyF
245,Точилин Дмитрий Фёдорович,476,8а,2,Точилин_ДФ,kMneLSOT1Vjk
246,Бикмуллин Руслан Валериевич,333,11т,2,Бикмуллин_РВ,VFm9Djoxaety
247,Серпичев Василий Алексиевич,394,10х,5,Серпичев_ВА,SAg56SI83CMg
248,Вострышев Яков Аркадиевич,343,8г,5,Вострышев_ЯА,Ow9ECFAOBAhv
249,Грушчева София Евгеньевна,480,11в,None,Грушчева_СЕ,UkiKVmsvdcBO
250,Кулапов Александр Юрьевич,109,9б,5,Кулапов_АЮ,4EJAYhKrv4HC
251,Чибисенков Владислав Фёдорович,375,8х,3,Чибисенков_ВФ,BGeOnPkb1WQr
252,Утилов Роман Василиевич,254,9х,2,Утилов_РВ,ohw9fIdL7r6A
253,Татаурова Галина Федоровна,145,10т,4,Татаурова_ГФ,8wob1uM6koh2
254,Визавитина Наталия Леонидовна,101,10г,2,Визавитина_НЛ,qEm7b9cgNFQZ
255,Мягченков Артём Денисович,115,7б,4,Мягченков_АД,MT7syAifwL9M
256,Брикова Инна Богдановна,256,9б,4,Брикова_ИБ,alqrf9pGSv7d
257,Наторкин Валентин Данилович,319,7и,2,Наторкин_ВД,JGNqvQgG744l
258,Эштрекова Софья Алексеевна,76,9в,3,Эштрекова_СА,uzbTVySEmMTQ
259,Кутаманова Кира Андреевна,182,10т,2,Кутаманова_КА,EglzWIhasrkb
260,Кыштымова Евгения Эдуардовна,255,8в,5,Кыштымова_ЕЭ,EGhBB6NcDUIQ
261,Ккнязева Клавдия Дмитриевна,34,7б,5,Ккнязева_КД,mpOJKqOjjOqF
262,Глаголина Алиса Никитична,249,9д,2,Глаголина_АН,vVhg5IipS6Q8
263,Рисина Раиса Валерьевна,451,10а,4,Рисина_РВ,ROgvJXZnB1E8
264,Ребров Алексей Георгиевич,289,8и,3,Ребров_АГ,SJXf3FK6trSp
265,Вырысалова Александра Евгеньевна,39,11и,2,Вырысалова_АЕ,TrFmPoscJ8Hy
266,Гомольский Владимир Юриевич,314,11х,5,Гомольский_ВЮ,8M74ESQqywe1
267,Швинова Марина Федоровна,271,8г,5,Швинова_МФ,m8SMQ7ZbRqTA
268,Рудковская Инна Дмитриевна,6,7т,3,Рудковская_ИД,sCDSF9m6We6D
269,Решеткина Дарья Василевна,408,10и,3,Решеткина_ДВ,znOJY1tMPW6V
270,Евстихеев Игорь Василиевич,422,10х,5,Евстихеев_ИВ,su6guKJJSgDC
271,Лазарина Алёна Федоровна,161,8б,3,Лазарина_АФ,e5nv6byBQPfR
272,Гляченков Григорий Николаевич,431,10а,5,Гляченков_ГН,VjuWslT1zeIQ
273,Чардынцева Алина Вадимовна,135,10д,3,Чардынцева_АВ,Nt1r2YjVoMOC
274,Скаредов Яков Иванович,337,9т,5,Скаредов_ЯИ,6pV9ajDbKBkH
275,Юрицкий Эдуард Денисович,192,7д,3,Юрицкий_ЭД,8j37Nilx9j2Q
276,Кравчина Светлана Аркадьевна,413,11г,5,Кравчина_СА,dCRP6fnVR78a
277,Чмареткова Полина Вадимовна,449,10а,2,Чмареткова_ПВ,PMo6T1Sy1tHr
278,Углова Галина Романовна,260,9г,3,Углова_ГР,V7MJCb96Rav9
279,Згуровская Виктория Андреевна,220,9т,4,Згуровская_ВА,9JxjWfSfR2R1
280,Секерский Станислав Сергеевич,235,10а,4,Секерский_СС,rpws7xbqqLCq
281,Жевайкин Евгений Адамович,86,11г,3,Жевайкин_ЕА,13gRYOaN1ZXo
282,Коточигов Семён Игоревич,26,9д,5,Коточигов_СИ,nZA4ttysgza8
283,Калонин Альберт Денисович,297,8б,2,Калонин_АД,BpfcTiHc3fIq
284,Валягин Григорий Антонович,94,10в,4,Валягин_ГА,hrDKOpcK37Jb
285,Коцева Кристина Николаевна,412,9г,3,Коцева_КН,AIaFgSXxZrBQ
286,Голина Кристина Максимовна,3,7х,3,Голина_КМ,PssImhw6pGrX
287,Батрамеев Анатолий Романович,354,9х,3,Батрамеев_АР,kAtByvjrngf1
288,Чикмарев Валентин Валериевич,306,9и,5,Чикмарев_ВВ,fEavyGdXZnbY
289,Киницына Валерия Олеговна,202,7х,4,Киницына_ВО,9rIgOYcP99T6
290,Числин Юрий Денисович,121,7в,2,Числин_ЮД,tjWTjdmS3Emy
291,Стебунова Юлия Романовна,358,9т,3,Стебунова_ЮР,qgreAc3zuTf9
292,Кацов Павел Павлович,236,10г,5,Кацов_ПП,wMcCy6EqWdr1
293,Гоцев Тарас Викторович,41,8в,3,Гоцев_ТВ,mRabiH8mjAJi
294,Мотовицкий Роман Аркадиевич,31,11и,5,Мотовицкий_РА,rWgx7TIkkMJB
295,Чурзина Клара Егоровна,308,10б,3,Чурзина_КЕ,Eejs6HhyAjTD
296,Щепалкина Валерия Сергеевна,134,9б,4,Щепалкина_ВС,KZecqVimv239
297,Утимишев Ярослав Игоревич,239,11а,3,Утимишев_ЯИ,VCw6y9Kw7BN6
298,Алуханов Кирилл Фёдорович,298,7т,2,Алуханов_КФ,extSYU3veJuC
299,Полунеев Валентин Валериевич,307,8и,2,Полунеев_ВВ,Cjkv9tUjUrMX
300,Крупенова Наталия Андреевна,209,7в,5,Крупенова_НА,eW8zygQTVxN3
301,Корнюшин Илья Юрьевич,44,10т,3,Корнюшин_ИЮ,I7hjKRbz3h6E
302,Паушева Виолетта Никитична,310,8г,4,Паушева_ВН,PUHPsftAuUFy
303,Берзин Герасим Антонович,349,11т,5,Берзин_ГА,6Y76XsP1L57Q
304,Шулунова Алла Алексеевна,54,7д,4,Шулунова_АА,ETNaMpRBrccj
305,Трепашова София Яковлевна,399,11а,2,Трепашова_СЯ,J3gwmmPzP1SU
306,Чумейкин Константин Антонович,8,8б,5,Чумейкин_КА,EJhF5F9wSHrR
307,Польшиков Денис Игоревич,495,9и,2,Польшиков_ДИ,uaK6ZV9qHsLE
308,Медоусова Жанна Романовна,252,7б,2,Медоусова_ЖР,ZxdECSzuaXhb
309,Акуратова Клавдия Андреевна,92,9г,5,Акуратова_КА,7evBLJLfwroO
310,Курмеева Елизавета Валерьевна,486,8а,5,Курмеева_ЕВ,EblpcBiHGtc5
311,Бадов Александр Аркадиевич,217,10г,3,Бадов_АА,tFutEfli18Bv
312,Бакушин Эдуард Адамович,265,7б,5,Бакушин_ЭА,oNJQtE54YEk6
313,Чебина Инна Сергеевна,273,10т,2,Чебина_ИС,be1C8jNLBjYE
314,Подледнова Наталья Ивановна,112,11и,3,Подледнова_НИ,7DdhSss3Eb3V
315,Садгеева Лиза Евгеньевна,460,11г,3,Садгеева_ЛЕ,kk249UXQWpLH
316,Акушин Борис Павлович,493,9т,2,Акушин_БП,YbC5vBZ64zgK
317,Аришев Руслан Кириллович,379,10т,3,Аришев_РК,r7vdFwiBrPhB
318,Гуслова Кристина Олеговна,389,9в,2,Гуслова_КО,ZouITdqEjJV5
319,Глоточкина Оксана Аркадьевна,370,9и,5,Глоточкина_ОА,sdRQVwLMHQgM
320,Шапина Маргарита Романовна,163,8б,5,Шапина_МР,4JYxq1qa5kcr
321,Дурылин Георгий Валериевич,261,11т,4,Дурылин_ГВ,CjYbgZMmUvPn
322,Болкисева Анна Викторовна,248,7х,4,Болкисева_АВ,alhwNDKzEl4k
323,Багапов Вячеслав Сергеевич,99,7д,4,Багапов_ВС,csblCEAHmhJG
324,Люцарева Яна Аркадьевна,376,11б,2,Люцарева_ЯА,ndWmi2QgIAu4
325,Боготынина София Егоровна,63,11б,5,Боготынина_СЕ,oRNlkJr8uDPp
326,Саюшкин Игорь Алексиевич,211,11х,5,Саюшкин_ИА,tNXSwHVSgSmF
327,Потешных Тамара Николаевна,468,11в,3,Потешных_ТН,nljHJM4QUW52
328,Незлина Жанна Василевна,426,8б,5,Незлина_ЖВ,iDN8LFgW6XkU
329,Федичева Вероника Кирилловна,37,7х,4,Федичева_ВК,hlkd4hDUpAte
330,Пустынкин Вадим Антонович,388,10в,5,Пустынкин_ВА,AS1NUrirARkW
331,Аринакова Ирина Михайловна,150,8в,5,Аринакова_ИМ,9uZX2QoyBYiJ
332,Обиралкова Мария Егоровна,294,11т,5,Обиралкова_МЕ,5JhHZp6BNj59
333,Аристарова Валентина Максимовна,443,11г,2,Аристарова_ВМ,v4vGJMSyZ85A
334,Яуров Герасим Юрьевич,38,9а,5,Яуров_ГЮ,JinzvmRqrIge
335,Духонькин Вячеслав Фёдорович,2,9в,4,Духонькин_ВФ,GH2YIwXsStCR
336,Гвасков Евгений Михаилович,402,9в,5,Гвасков_ЕМ,2nJCv8n3BezK
337,Жабынина Галина Николаевна,185,7х,5,Жабынина_ГН,amr74KppcLUP
338,Шерюкова Виолетта Романовна,440,9б,4,Шерюкова_ВР,kw1lNDcVXLhD
339,Колокатов Пётр Евгеньевич,484,10в,3,Колокатов_ПЕ,yzpmYI2hmXdM
340,Шайдуков Андрей Михаилович,317,9и,4,Шайдуков_АМ,AaN1nywNS6YI
341,Смирнягина Дарья Игоревна,425,10в,4,Смирнягина_ДИ,kCNwkZT2BoSF
342,Штырева Ева Олеговна,258,11и,2,Штырева_ЕО,pshLSR5bcpoc
343,Ашукин Вячеслав Михаилович,191,10т,4,Ашукин_ВМ,dJdgrZXKJ5Nd
344,Рубченкова Галина Алексеевна,190,9в,3,Рубченкова_ГА,3FzdM4FlEYce
345,Зархин Иван Алексиевич,478,11и,5,Зархин_ИА,QeUqylGaumAH
346,Адиотов Дмитрий Павлович,156,7б,3,Адиотов_ДП,nKYUPjcDZR1h
347,Тищенкова Раиса Валерьевна,79,7д,3,Тищенкова_РВ,WCfxJWCiJhjD
348,Лозеев Илья Петрович,205,10д,2,Лозеев_ИП,P8wvYsqBHmgw
349,Кобяшов Герасим Михаилович,305,11т,2,Кобяшов_ГМ,IWofzFBCyRF8
350,Ронова Клавдия Валерьевна,107,7и,4,Ронова_КВ,Zbhian4oBEOY
351,Стрижнов Алексей Евгеньевич,385,11г,3,Стрижнов_АЕ,rcq5wUzilTIM
352,Волынский Алексей Виталиевич,362,11т,5,Волынский_АВ,3iy9Ak5kV1NW
353,Машонский Василий Данилович,23,9д,5,Машонский_ВД,uVRJnNUjOADF
354,Буриева Зинаида Аркадьевна,104,11д,4,Буриева_ЗА,WOPFO89lL5RC
355,Борщина Алёна Ивановна,377,11а,5,Борщина_АИ,q2c7XfZSenfB
356,Белчков Олег Иванович,275,10а,4,Белчков_ОИ,zvHxiaraZae4
357,Остропиков Альберт Данилович,157,8г,2,Остропиков_АД,GziyX4hZqsG7
358,Оргонова Любовь Максимовна,264,7б,4,Оргонова_ЛМ,SU4NeWQCydej
359,Мальков Юрий Евгеньевич,228,7г,3,Мальков_ЮЕ,fSoJVu9rD46h
360,Свльхова Наталья Вадимовна,160,9т,5,Свльхова_НВ,sqDCduAzkl7D
361,Мякушков Герасим Леонидович,102,10т,3,Мякушков_ГЛ,9KHFfon2dQnN
362,Межуев Георгий Юриевич,355,8г,4,Межуев_ГЮ,8k4CaWHfBqS3
363,Чериншев Александр Сергеевич,439,8а,2,Чериншев_АС,cqDLa8Lgaw8o
364,Муниров Алексей Андреевич,117,11г,3,Муниров_АА,MThTXiNz7F69
365,Климухин Руслан Романович,269,10в,3,Климухин_РР,m2lhmsB8N4rx
366,Дембская Екатерина Никитична,64,11б,4,Дембская_ЕН,yworfEqHfSqW
367,Тюнеев Яков Фёдорович,417,10т,2,Тюнеев_ЯФ,d5xPbLQJ1xdp
368,Трушитин Антон Данилович,168,9х,3,Трушитин_АД,Mnb9udkfY9fp
369,Балакишиев Роман Алексиевич,143,11х,5,Балакишиев_РА,YwdaftN6vuIn
370,Немтюрева Валерия Аркадьевна,12,10г,4,Немтюрева_ВА,SBZccO46mpy1
371,Складанова Клавдия Аркадьевна,257,9а,3,Складанова_КА,Ns7eN4HrKvth
372,Заходина Полина Леонидовна,93,10д,4,Заходина_ПЛ,xwLBJpt5eEBH
373,Муринов Анатолий Борисович,171,11б,5,Муринов_АБ,sS4hpGO4pS8a
374,Гришалова Любовь Евгеньевна,301,8т,3,Гришалова_ЛЕ,lvrrOTSiXqeu
375,Ситчихин Станислав Георгиевич,247,8т,5,Ситчихин_СГ,QIjLT7Zbl4q7
376,Просяных Георгий Василиевич,366,9в,2,Просяных_ГВ,6YYpjEMKKrrF
377,Дзабиев Григорий Георгиевич,259,11д,5,Дзабиев_ГГ,OstuchmiNvyP
378,Рыбаулин Григорий Алексеевич,140,11а,5,Рыбаулин_ГА,CkELmNUxEolG
379,Тупиева Екатерина Ивановна,400,7д,2,Тупиева_ЕИ,bydnm4Y7MtOm
380,Куверчева Алена Ивановна,170,10д,3,Куверчева_АИ,Zi4i6yaCPvbh
381,Цаблинова Виктория Богдановна,342,9г,4,Цаблинова_ВБ,nF9RnjAoRNvu
382,Синенков Григорий Леонидович,230,9в,5,Синенков_ГЛ,UJmOrvZNIxK1
383,Лизункин Артур Олегович,4,11в,5,Лизункин_АО,rakj3AliFNjR
384,Славущева Александра Эдуардовна,81,8а,5,Славущева_АЭ,3rorYScBDSDe
385,Шахвердов Дмитрий Антонович,132,11б,2,Шахвердов_ДА,OMYjflwfGEKg
386,Рапацкая Ольга Ивановна,223,10г,3,Рапацкая_ОИ,OjUIleRdYCZ4
387,Сторокожев Виталий Аркадиевич,159,9б,2,Сторокожев_ВА,Kwvo3bf67URy
388,Половодов Кирилл Николаевич,18,8т,5,Половодов_КН,QOlZK5if4Y3P
389,Халтанова Алена Дмитриевна,49,8б,3,Халтанова_АД,GSLojYQWTTsk
390,Заложнев Роман Фёдорович,448,8в,4,Заложнев_РФ,PT3HeKUGTDZ4
391,Рыжих Кристина Аркадьевна,213,7а,4,Рыжих_КА,FcRX1cIfNgJT
392,Буров Руслан Игоревич,405,11и,5,Буров_РИ,U6hsOVFU8on1
393,Гачков Виталий Евгеньевич,277,9т,4,Гачков_ВЕ,J7UsDPJQpCju
394,Кадилов Геннадий Борисович,225,10в,3,Кадилов_ГБ,HYCdOGMesepr
395,Гликина Алёна Эдуардовна,454,9б,3,Гликина_АЭ,B95jz7JIFCR4
396,Ичкинина Любовь Андреевна,299,8г,5,Ичкинина_ЛА,nO1OJF5iU8Dm
397,Мозшорина Кира Дмитриевна,65,8б,3,Мозшорина_КД,rpBaN9dKss3I
398,Брижеватов Константин Борисович,152,11т,2,Брижеватов_КБ,YZHk68NmZucJ
399,Бучеров Тарас Викторович,429,10д,4,Бучеров_ТВ,nZ8iwBXwrnkk
400,Мисютина Валерия Эдуардовна,368,9г,2,Мисютина_ВЭ,fXETDzQZodMV
401,Льянов Федор Вадимович,328,8а,4,Льянов_ФВ,JvGKU94VErqw
402,Щуркин Георгий Яковлевич,180,8в,4,Щуркин_ГЯ,cQPdxboLdb3d
403,Акулин Федор Адамович,241,10г,4,Акулин_ФА,xLfMlXZDsuXm
404,Волженкова Екатерина Ивановна,233,9д,4,Волженкова_ЕИ,YfMoR5kqmAz1
405,Махометова София Викторовна,424,8и,3,Махометова_СВ,WSPq7D4x5XWK
406,Зызлов Геннадий Антонович,274,7в,3,Зызлов_ГА,5eFyB2iIKiMS
407,Девляшова Кира Олеговна,51,11д,5,Девляшова_КО,QGXEHLY9ZIEf
408,Яковкина Алена Никитична,320,9т,5,Яковкина_АН,t1u8wTSZG7Qp
409,Бузулев Вадим Николаевич,331,10д,3,Бузулев_ВН,wytcxdQLVEnv
410,Ганельский Юрий Юриевич,474,9д,3,Ганельский_ЮЮ,oAZEzPxLDOpP
411,Шкапрова Ева Ивановна,371,7б,5,Шкапрова_ЕИ,rDaPixWgqOKJ
412,Чичирин Владимир Георгиевич,11,10а,4,Чичирин_ВГ,wR9vOaV9qCQW
413,Шилова Надежда Викторовна,124,9б,2,Шилова_НВ,RHTrucso1zVW
414,Коваев Руслан Михаилович,487,9т,3,Коваев_РМ,VxmFED9UFJoo
415,Саверина Надежда Андреевна,407,11б,4,Саверина_НА,RPlWopXDebeK
416,Тишанкин Олег Адамович,334,9д,3,Тишанкин_ОА,ClnOi5zKhWd1
417,Широпаев Валерий Сергеевич,406,9б,2,Широпаев_ВС,zhfXVaxOV58O
418,Щепанин Олег Адамович,226,7а,3,Щепанин_ОА,plfVMkRXK3tV
419,Оплетин Владислав Аркадиевич,361,10х,4,Оплетин_ВА,ZC2b57X2q3gu
420,Оденова Карина Андреевна,409,8и,4,Оденова_КА,ln5kyzmDHbWA
421,Семагин Альберт Андреевич,456,10х,4,Семагин_АА,TIxroSEXoZyH
422,Черданцева Анастасия Олеговна,128,8х,3,Черданцева_АО,dm3siDRqhCMk
423,Лонцова Елизавета Эдуардовна,224,7х,3,Лонцова_ЕЭ,hvjyr5OCJoZy
424,Сарсекеева Алёна Никитична,462,11и,4,Сарсекеева_АН,fLgYGR4yOTfW
425,Аковецкий Антон Евгеньевич,500,8б,4,Аковецкий_АЕ,2bnTnzEmUqg6
426,Аратский Станислав Борисович,351,9и,2,Аратский_СБ,7KanIyTQvoCe
427,Чужриков Пётр Денисович,200,9в,3,Чужриков_ПД,gO8mQ7dK1AFk
428,Никитшин Алексей Кириллович,111,11и,3,Никитшин_АК,G8Y9rLCpD48a
429,Симендяев Василий Алексиевич,45,8д,4,Симендяев_ВА,YSuy8fwNHCGY
430,Ошитков Максим Сергеевич,151,10г,4,Ошитков_МС,g2MPeAm3Bip3
431,Юрасов Евгений Романович,338,9и,3,Юрасов_ЕР,14wpQjyZ1OwE
432,Головяшин Павел Юриевич,179,7г,5,Головяшин_ПЮ,1FYv3KJNgMCl
433,Манжурина Екатерина Сергеевна,219,7т,3,Манжурина_ЕС,k9MjfIYCkva3
434,Никурашин Олег Евгеньевич,291,11х,2,Никурашин_ОЕ,qn974EHaVS5q
435,Бехтерев Федор Вадимович,137,9х,3,Бехтерев_ФВ,RBpwLInOSfql
436,Годлевская Катерина Дмитриевна,403,11г,3,Годлевская_КД,mbgfiSqTJ2JS
437,Акиярова Алина Эдуардовна,9,11а,4,Акиярова_АЭ,eTDqr1D9DCIl
438,Милина Алена Петровна,359,8г,3,Милина_АП,HS3ofufWsC5z
439,Воловин Борис Викторович,350,7т,2,Воловин_БВ,pBkePJMXe69K
440,Туморина Ксения Федоровна,133,8б,5,Туморина_КФ,3cVG12lqqYvv
441,Желейков Вячеслав Яковлевич,199,8г,3,Желейков_ВЯ,BmAneNhK96ah
442,Шишорнина Екатерина Алексеевна,183,8т,3,Шишорнина_ЕА,y7Wxp6CXFwW9
443,Юумогулова Виолетта Игоревна,311,10х,3,Юумогулова_ВИ,nZYBOqBLPpNP
444,Рецков Денис Денисович,85,10д,2,Рецков_ДД,R8oKNBJak4Ze
445,Химунина Елизавета Ивановна,392,7д,2,Химунина_ЕИ,nha6zOAp5hNd
446,Кобрянов Александр Алексиевич,455,7т,2,Кобрянов_АА,3APBPszwsTbn
447,Бирылов Тарас Данилович,243,11а,3,Бирылов_ТД,kzRoLOHFcX6H
448,Туфатулин Ярослав Леонидович,485,8х,4,Туфатулин_ЯЛ,vtvQdloAmKaw
449,Долбишев Николай Аркадиевич,292,10б,5,Долбишев_НА,S8mGkKSN5ECL
450,Махтумова Алёна Эдуардовна,186,10б,4,Махтумова_АЭ,WBcNT4GEZt1G
451,Нарзаркин Алексей Романович,423,10т,2,Нарзаркин_АР,jwCtPiKKQrLA
452,Куранина Алена Леонидовна,196,9б,4,Куранина_АЛ,V3MD1uW8sd5E
453,Ситюков Аркадий Евгеньевич,32,10в,3,Ситюков_АЕ,OMUaFHcVbKnc
454,Мизюрова Алиса Никитична,176,7г,4,Мизюрова_АН,3ZHEBuT54HOC
455,Пандурова Алиса Дмитриевна,130,9б,2,Пандурова_АД,KuMmWoUetwKC
456,Жилейкин Борис Тимофеевич,91,7в,2,Жилейкин_БТ,JiWEp1J4y8Gc
457,Корпункова Виолетта Сергеевна,83,11а,3,Корпункова_ВС,mb6oqmiCNsjD
458,Пашохонова Анастасия Федоровна,467,9в,4,Пашохонова_АФ,5Y9DGRHfPBA4
459,Сузальцева Тамара Михайловна,357,8х,4,Сузальцева_ТМ,hcxKnmVSb4I9
460,Чиличкина Светлана Яковлевна,5,8в,5,Чиличкина_СЯ,PKRmZ8WAHne7
461,Шантыкова Карина Максимовна,198,10д,3,Шантыкова_КМ,ZP9lQnNTp1YH
462,Недосекин Владислав Яковлевич,457,10а,4,Недосекин_ВЯ,zI6PfIsivPUu
463,Максимкин Федор Фёдорович,172,10г,2,Максимкин_ФФ,M3V8rQHJHNAe
464,Матбиюшина Виктория Игоревна,237,8д,2,Матбиюшина_ВИ,gCIopPOFu5qH
465,Шишкунов Герасим Юрьевич,110,8т,4,Шишкунов_ГЮ,HsRvynYGFxRh
466,Сухинин Георгий Алексиевич,475,10х,4,Сухинин_ГА,ZZLu1j2BQOKf
467,Бисеева Полина Романовна,48,7д,5,Бисеева_ПР,a5IfrJs4NhNH
468,Жукулов Михаил Денисович,60,11г,3,Жукулов_МД,z7diDurXK1kR
469,Тоняев Герасим Петрович,378,9т,5,Тоняев_ГП,mk3rnB4yu8kO
470,Шушенкова Алёна Олеговна,36,7и,2,Шушенкова_АО,cYiXjcUriWM6
471,Разроев Дмитрий Павлович,59,9а,2,Разроев_ДП,3uYGzB4ffBIx
472,Баззаев Анатолий Данилович,339,9д,2,Баззаев_АД,fPhpDvjhhUCg
473,Цекова Алла Олеговна,50,8д,2,Цекова_АО,zbbYQG24aaf6
474,Аборонова Алиса Алексеевна,444,7г,5,Аборонова_АА,Llnw5uhaqQPX
475,Ягловская Ева Олеговна,181,8в,4,Ягловская_ЕО,zxG16SlyPxgw
476,Шароварова Яна Романовна,175,8а,4,Шароварова_ЯР,E5cHrNvrP9oc
477,Общев Яков Викторович,466,8а,4,Общев_ЯВ,CECUz3O96Ba3
478,Ойзерская Катерина Эдуардовна,120,7х,2,Ойзерская_КЭ,ch56pM3nDzxn
479,Прусский Ярослав Иванович,479,11б,2,Прусский_ЯИ,XxQwZf8TX4VT
480,Лабинов Павел Алексеевич,272,7б,5,Лабинов_ПА,jvLASYWnJzJH
481,Покровов Эдуард Павлович,312,8б,2,Покровов_ЭП,sOyzjBD8ucKj
482,Мачехин Эдуард Данилович,19,7д,3,Мачехин_ЭД,BMAfzpsZWlPz
483,Кодорская Раиса Ивановна,27,11б,3,Кодорская_РИ,IYHKteTZnQBb
484,Кондраева Марина Ивановна,469,9д,3,Кондраева_МИ,JMptLVHV1HKa
485,Бульенков Валентин Иванович,136,10т,4,Бульенков_ВИ,SL5QR3LK1jLZ
486,Тагакова Вероника Яковлевна,393,8т,4,Тагакова_ВЯ,RuBWlEvvrnrZ
487,Гершанова Любовь Евгеньевна,383,11т,5,Гершанова_ЛЕ,baqDQWm8MgLy
488,Салина Алена Егоровна,73,11в,5,Салина_АЕ,mXisnOfm4kgX
489,Фрумова Зинаида Аркадьевна,78,8а,4,Фрумова_ЗА,O6S93WjNWoq7
490,Хорняков Борис Борисович,13,8г,2,Хорняков_ББ,7UGjg6SSINON
491,Гдагазина Лиза Василевна,212,9т,5,Гдагазина_ЛВ,ARTAO51yYfwA
492,Агаршев Ярослав Михаилович,276,9т,2,Агаршев_ЯМ,ffugMo8aR9aP
493,Корюшин Пётр Антонович,326,8х,2,Корюшин_ПА,qTRmXf3UuqVN
494,Калаев Пётр Алексиевич,68,8а,3,Калаев_ПА,3IAjpcrlQXin
495,Ккаталкина Виолетта Егоровна,53,7б,2,Ккаталкина_ВЕ,MR6X8mTIP6UV
496,Рачнов Герасим Алексеевич,103,10а,5,Рачнов_ГА,4T5KgoO4cmd1
497,Миндубаева Людмила Леонидовна,477,11и,2,Миндубаева_ЛЛ,KF38fhz2cZNt
498,Агафьева Вера Ивановна,352,11х,3,Агафьева_ВИ,IFkrQHb27MpD
499,Житин Эдуард Адамович,481,9а,5,Житин_ЭА,RlNSMMy8Y9Vx
